{
    "loss": 10.915348052978516,
    "accuracy": 0.5686274766921997
}